,Sample,Histopathologic description,sex,Age,Johnsen score
1,GSM1118241.CEL,Normal,1,54,10
2,GSM1118242.CEL,Normal,1,34,10
3,GSM1118243.CEL,Normal,1,40,10
4,GSM1118244.CEL,Normal,1,14,10
5,GSM1118245.CEL,postmeiotic arrest,1,33,7
6,GSM1118246.CEL,postmeiotic arrest,1,33,7
7,GSM1118247.CEL,postmeiotic arrest,1,32,7
8,GSM1118248.CEL,postmeiotic arrest,1,31,7
9,GSM1118249.CEL,postmeiotic arrest,1,31,7
10,GSM1118250.CEL,postmeiotic arrest,1,30,7
11,GSM1118251.CEL,postmeiotic arrest,1,28,7
12,GSM1118252.CEL,postmeiotic arrest,1,45,7
13,GSM1118253.CEL,postmeiotic arrest,1,45,7
14,GSM1118254.CEL,postmeiotic arrest,1,28,7
15,GSM1118255.CEL,postmeiotic arrest,1,31,7
16,GSM1118256.CEL,meiotic arrest,1,34,4
17,GSM1118257.CEL,meiotic arrest,1,31,4
18,GSM1118258.CEL,meiotic arrest,1,30,4
19,GSM1118259.CEL,meiotic arrest,1,28,4
20,GSM1118260.CEL,meiotic arrest,1,32,4
21,GSM1118261.CEL,meiotic arrest,1,32,4
22,GSM1118262.CEL,meiotic arrest,1,34,4
23,GSM1118263.CEL,premeiotic arrest,1,30,3
24,GSM1118264.CEL,premeiotic arrest,1,30,3
25,GSM1118265.CEL,Sertoli Cell Only-Syndrome,1,31,2
26,GSM1118266.CEL,Sertoli Cell Only-Syndrome,1,31,2
27,GSM1118267.CEL,Sertoli Cell Only-Syndrome,1,31,2
28,GSM1118268.CEL,Sertoli Cell Only-Syndrome,1,31,2
29,GSM1118269.CEL,Sertoli Cell Only-Syndrome,1,31,2
30,GSM1118270.CEL,Sertoli Cell Only-Syndrome,1,30,2
31,GSM1118271.CEL,Sertoli Cell Only-Syndrome,1,33,2
32,GSM1118281.CEL,Normal,1,54,10
33,GSM1118282.CEL,Normal,1,34,10
34,GSM1118283.CEL,Normal,1,40,10
35,GSM1118284.CEL,Normal,1,64,10
36,GSM1118285.CEL,postmeiotic arrest,1,33,7
37,GSM1118286.CEL,postmeiotic arrest,1,32,7
38,GSM1118287.CEL,postmeiotic arrest,1,31,7
39,GSM1118288.CEL,postmeiotic arrest,1,30,7
40,GSM1118289.CEL,postmeiotic arrest,1,28,7
41,GSM1118290.CEL,postmeiotic arrest,1,28,7
42,GSM1118291.CEL,postmeiotic arrest,1,31,7
43,GSM1118292.CEL,meiotic arrest,1,34,4
44,GSM1118293.CEL,meiotic arrest,1,31,4
45,GSM1118294.CEL,meiotic arrest,1,32,4
46,GSM1118295.CEL,meiotic arrest,1,34,4
47,GSM1118296.CEL,Sertoli Cell Only-Syndrome,1,31,2
48,GSM1118297.CEL,Sertoli Cell Only-Syndrome,1,31,2
49,GSM1118298.CEL,Sertoli Cell Only-Syndrome,1,31,2
50,GSM1118299.CEL,Sertoli Cell Only-Syndrome,1,30,2
51,GSM1118300.CEL,Sertoli Cell Only-Syndrome,1,33,2
